,Longitude,Latitude,S_vel_5km,S_vel_10km,S_vel_15km,S_vel_20km,S_vel_25km,S_vel_30km,S_vel_35km,S_vel_40km
0,-81.0,13.0,3.10854,3.23766,3.25934,3.66787,4.1213,4.1213,4.16252,4.20415
1,-80.5,13.0,3.10649,3.11834,3.59498,4.0805,4.16252,4.16252,4.20415,4.24619
2,-80.0,13.0,3.13772,3.18101,3.62643,4.0805,4.16252,4.16252,4.20415,4.24619
3,-79.5,13.0,3.13772,3.18101,3.62643,4.0805,4.16252,4.16252,4.20415,4.24619
4,-79.0,13.0,3.10649,3.11834,3.59498,4.0805,4.16252,4.16252,4.20415,4.24619
5,-78.5,13.0,3.10649,3.11834,3.59498,4.0805,4.16252,4.16252,4.20415,4.24619
6,-78.0,13.0,3.05794,4.05308,4.18201,4.22382,4.30872,4.30872,4.35181,4.39533
7,-77.5,13.0,3.05794,4.05308,4.18201,4.22382,4.30872,4.30872,4.35181,4.39533
8,-77.0,13.0,3.05794,4.05308,4.18201,4.22382,4.30872,4.30872,4.35181,4.39533
9,-76.5,13.0,3.05794,4.05308,4.18201,4.22382,4.30872,4.30872,4.35181,4.39533
10,-76.0,13.0,3.10649,3.11834,3.59498,4.0805,4.16252,4.16252,4.20415,4.24619
11,-75.5,13.0,3.05794,4.05308,4.18201,4.22382,4.30872,4.30872,4.35181,4.39533
12,-75.0,13.0,3.10649,3.11834,3.59498,4.0805,4.16252,4.16252,4.20415,4.24619
13,-74.5,13.0,3.10649,3.11834,3.59498,4.0805,4.16252,4.16252,4.20415,4.24619
14,-74.0,13.0,3.1001,3.25085,3.26737,3.66905,4.1213,4.1213,4.16252,4.20415
15,-73.5,13.0,3.10854,3.23766,3.25934,3.66787,4.1213,4.1213,4.16252,4.20415
16,-73.0,13.0,3.1001,3.25085,3.26737,3.66905,4.1213,4.1213,4.16252,4.20415
17,-72.5,13.0,3.10854,3.23766,3.25934,3.66787,4.1213,4.1213,4.16252,4.20415
18,-72.0,13.0,3.1001,3.25085,3.26737,3.66905,4.1213,4.1213,4.16252,4.20415
19,-71.5,13.0,3.10649,3.11834,3.59498,4.0805,4.16252,4.16252,4.20415,4.24619
20,-71.0,13.0,3.10649,3.11834,3.59498,4.0805,4.16252,4.16252,4.20415,4.24619
21,-81.0,12.5,3.10854,3.23766,3.25934,3.66787,4.1213,4.1213,4.16252,4.20415
22,-80.5,12.5,3.10649,3.11834,3.59498,4.0805,4.16252,4.16252,4.20415,4.24619
23,-80.0,12.5,3.10649,3.11834,3.59498,4.0805,4.16252,4.16252,4.20415,4.24619
24,-79.5,12.5,3.10649,3.11834,3.59498,4.0805,4.16252,4.16252,4.20415,4.24619
25,-79.0,12.5,3.10649,3.11834,3.59498,4.0805,4.16252,4.16252,4.20415,4.24619
26,-78.5,12.5,3.10649,3.11834,3.59498,4.0805,4.16252,4.16252,4.20415,4.24619
27,-78.0,12.5,3.05794,4.05308,4.18201,4.22382,4.30872,4.30872,4.35181,4.39533
28,-77.5,12.5,3.05794,4.05308,4.18201,4.22382,4.30872,4.30872,4.35181,4.39533
29,-77.0,12.5,3.05794,4.05308,4.18201,4.22382,4.30872,4.30872,4.35181,4.39533
30,-76.5,12.5,3.10649,3.11834,3.59498,4.0805,4.16252,4.16252,4.20415,4.24619
31,-76.0,12.5,3.13772,3.18101,3.62643,4.0805,4.16252,4.16252,4.20415,4.24619
32,-75.5,12.5,3.13772,3.18101,3.62643,4.0805,4.16252,4.16252,4.20415,4.24619
33,-75.0,12.5,3.10649,3.11834,3.59498,4.0805,4.16252,4.16252,4.20415,4.24619
34,-74.5,12.5,3.10649,3.11834,3.59498,4.0805,4.16252,4.16252,4.20415,4.24619
35,-74.0,12.5,3.1001,3.25085,3.26737,3.66905,4.1213,4.1213,4.16252,4.20415
36,-73.5,12.5,3.1001,3.25085,3.26737,3.66905,4.1213,4.1213,4.16252,4.20415
37,-73.0,12.5,3.08279,3.30363,3.31619,3.6054,4.0805,4.0805,4.1213,4.16252
38,-72.5,12.5,3.1288,3.21866,3.23502,3.65282,4.1213,4.1213,4.16252,4.20415
39,-72.0,12.5,3.11373,3.21866,3.23502,3.65282,4.1213,4.1213,4.16252,4.20415
40,-71.5,12.5,3.11373,3.21866,3.23502,3.65282,4.1213,4.1213,4.16252,4.20415
41,-71.0,12.5,3.10649,3.11834,3.59498,4.0805,4.16252,4.16252,4.20415,4.24619
42,-81.0,12.0,3.10854,3.23766,3.25934,3.66787,4.1213,4.1213,4.16252,4.20415
43,-80.5,12.0,3.10649,3.11834,3.59498,4.0805,4.16252,4.16252,4.20415,4.24619
44,-80.0,12.0,3.10649,3.11834,3.59498,4.0805,4.16252,4.16252,4.20415,4.24619
45,-79.5,12.0,3.13772,3.18101,3.62643,4.0805,4.16252,4.16252,4.20415,4.24619
46,-79.0,12.0,3.13772,3.18101,3.62643,4.0805,4.16252,4.16252,4.20415,4.24619
47,-78.5,12.0,3.13772,3.18101,3.62643,4.0805,4.16252,4.16252,4.20415,4.24619
48,-78.0,12.0,3.10649,3.11834,3.59498,4.0805,4.16252,4.16252,4.20415,4.24619
49,-77.5,12.0,3.10649,3.11834,3.59498,4.0805,4.16252,4.16252,4.20415,4.24619
50,-77.0,12.0,3.13772,3.18101,3.62643,4.0805,4.16252,4.16252,4.20415,4.24619
51,-76.5,12.0,3.10649,3.11834,3.59498,4.0805,4.16252,4.16252,4.20415,4.24619
52,-76.0,12.0,3.10649,3.11834,3.59498,4.0805,4.16252,4.16252,4.20415,4.24619
53,-75.5,12.0,3.10649,3.11834,3.59498,4.0805,4.16252,4.16252,4.20415,4.24619
54,-75.0,12.0,3.12254,3.20561,3.22706,3.65166,4.1213,4.1213,4.16252,4.20415
55,-74.5,12.0,3.08081,3.27092,3.28336,3.58896,4.0805,4.0805,4.1213,4.16252
56,-74.0,12.0,3.06859,3.30363,3.31619,3.6054,4.0805,4.0805,4.1213,4.16252
57,-73.5,12.0,3.07777,3.32234,3.47447,3.5084,3.80058,3.80058,4.0805,4.1213
58,-73.0,12.0,3.09162,3.32372,3.4917,3.5084,3.80058,3.80058,4.0805,4.1213
59,-72.5,12.0,3.1067,3.30649,3.45713,3.49104,3.80058,3.80058,4.0805,4.1213
60,-72.0,12.0,3.09377,3.23853,3.25085,3.57267,4.0805,4.0805,4.1213,4.16252
61,-71.5,12.0,3.08081,3.27092,3.28336,3.58896,4.0805,4.0805,4.1213,4.16252
62,-71.0,12.0,3.11373,3.21866,3.23502,3.65282,4.1213,4.1213,4.16252,4.20415
63,-81.0,11.5,3.10854,3.23766,3.25934,3.66787,4.1213,4.1213,4.16252,4.20415
64,-80.5,11.5,3.1001,3.25085,3.26737,3.66905,4.1213,4.1213,4.16252,4.20415
65,-80.0,11.5,3.10649,3.11834,3.59498,4.0805,4.16252,4.16252,4.20415,4.24619
66,-79.5,11.5,3.10649,3.11834,3.59498,4.0805,4.16252,4.16252,4.20415,4.24619
67,-79.0,11.5,3.10649,3.11834,3.59498,4.0805,4.16252,4.16252,4.20415,4.24619
68,-78.5,11.5,3.10649,3.11834,3.59498,4.0805,4.16252,4.16252,4.20415,4.24619
69,-78.0,11.5,3.10649,3.11834,3.59498,4.0805,4.16252,4.16252,4.20415,4.24619
70,-77.5,11.5,3.10649,3.11834,3.59498,4.0805,4.16252,4.16252,4.20415,4.24619
71,-77.0,11.5,3.10649,3.11834,3.59498,4.0805,4.16252,4.16252,4.20415,4.24619
72,-76.5,11.5,3.10649,3.11834,3.59498,4.0805,4.16252,4.16252,4.20415,4.24619
73,-76.0,11.5,3.10854,3.23766,3.25934,3.66787,4.1213,4.1213,4.16252,4.20415
74,-75.5,11.5,3.12812,3.18679,3.20299,3.63676,4.1213,4.1213,4.16252,4.20415
75,-75.0,11.5,3.07777,3.20647,3.21866,3.55654,4.0805,4.0805,4.1213,4.16252
76,-74.5,11.5,3.02429,3.27092,3.32696,3.38284,3.42392,3.42392,3.74253,4.0805
77,-74.0,11.5,3.07594,3.29081,3.46171,3.48535,3.52766,3.52766,3.81472,4.22694
78,-73.5,11.5,3.12161,3.30804,3.49633,3.53784,3.61657,3.61657,3.95144,4.3102
79,-73.0,11.5,3.15314,3.33957,3.49633,3.5202,3.74769,3.74769,4.1039,4.33153
80,-72.5,11.5,3.13729,3.28944,3.44466,3.48535,3.76905,3.76905,4.14306,4.33153
81,-72.0,11.5,3.06011,3.24286,3.4229,3.43926,3.76569,3.76569,4.0805,4.2487
82,-71.5,11.5,3.04503,3.24286,3.4229,3.43926,3.76569,3.76569,4.0805,4.1213
83,-71.0,11.5,3.08081,3.27092,3.28336,3.58896,4.0805,4.0805,4.1213,4.16252
84,-81.0,11.0,3.1001,3.25085,3.26737,3.66905,4.1213,4.1213,4.16252,4.20415
85,-80.5,11.0,3.10854,3.23766,3.25934,3.66787,4.1213,4.1213,4.16252,4.20415
86,-80.0,11.0,3.1001,3.25085,3.26737,3.66905,4.1213,4.1213,4.16252,4.20415
87,-79.5,11.0,3.1001,3.25085,3.26737,3.66905,4.1213,4.1213,4.16252,4.20415
88,-79.0,11.0,3.10649,3.11834,3.59498,4.0805,4.16252,4.16252,4.20415,4.24619
89,-78.5,11.0,3.10649,3.11834,3.59498,4.0805,4.16252,4.16252,4.20415,4.24619
90,-78.0,11.0,3.10649,3.11834,3.59498,4.0805,4.16252,4.16252,4.20415,4.24619
91,-77.5,11.0,3.10649,3.11834,3.59498,4.0805,4.16252,4.16252,4.20415,4.24619
92,-77.0,11.0,3.1288,3.21866,3.23502,3.65282,4.1213,4.1213,4.16252,4.20415
93,-76.5,11.0,3.1435,3.18679,3.20299,3.63676,4.1213,4.1213,4.16252,4.20415
94,-76.0,11.0,3.11238,3.15524,3.17128,3.62085,4.1213,4.1213,4.16252,4.20415
95,-75.5,11.0,3.06011,3.08135,3.09307,3.49364,4.0805,4.0805,4.1213,4.16252
96,-75.0,11.0,2.99021,3.17471,3.19683,3.21866,3.4282,3.4282,3.82988,4.0805
97,-74.5,11.0,3.00605,3.20647,3.22879,3.25085,3.29032,3.29032,3.67571,4.0805
98,-74.0,11.0,3.06859,3.30363,3.32663,3.35989,3.40602,3.40602,3.77914,4.18019
99,-73.5,11.0,3.20036,3.35557,3.49633,3.5202,3.85071,3.85071,3.96082,4.13692
100,-73.0,11.0,3.21652,3.38912,3.53129,3.57322,3.82302,3.82302,4.14306,4.33153
101,-72.5,11.0,3.12161,3.27376,3.42743,3.45084,3.90743,3.90743,3.96082,4.13692
102,-72.0,11.0,2.98503,3.19567,3.39349,3.41667,3.75986,3.75986,3.96082,4.13692
103,-71.5,11.0,2.95547,3.1311,3.34384,3.41667,3.45815,3.45815,3.75965,4.0805
104,-71.0,11.0,3.04624,3.29081,3.45713,3.47365,3.78305,3.78305,4.0805,4.1213
105,-81.0,10.5,3.1001,3.25085,3.26737,3.66905,4.1213,4.1213,4.16252,4.20415
106,-80.5,10.5,3.1001,3.25085,3.26737,3.66905,4.1213,4.1213,4.16252,4.20415
107,-80.0,10.5,3.1001,3.25085,3.26737,3.66905,4.1213,4.1213,4.16252,4.20415
108,-79.5,10.5,3.10854,3.23766,3.25934,3.66787,4.1213,4.1213,4.16252,4.20415
109,-79.0,10.5,3.12254,3.20561,3.22706,3.65166,4.1213,4.1213,4.16252,4.20415
110,-78.5,10.5,3.12812,3.18679,3.20299,3.63676,4.1213,4.1213,4.16252,4.20415
111,-78.0,10.5,3.12812,3.18679,3.20299,3.63676,4.1213,4.1213,4.16252,4.20415
112,-77.5,10.5,3.14329,3.15524,3.17128,3.62085,4.1213,4.1213,4.16252,4.20415
113,-77.0,10.5,3.12161,3.14244,3.16348,3.61971,4.1213,4.1213,4.16252,4.20415
114,-76.5,10.5,3.06716,3.15524,3.17128,3.62085,4.1213,4.1213,4.16252,4.20415
115,-76.0,10.5,3.0301,3.0907,3.11133,3.12567,4.0805,4.0805,4.1213,4.16252
116,-75.5,10.5,2.92839,3.05084,3.06802,3.08269,3.75179,3.75179,4.1213,4.16252
117,-75.0,10.5,2.90069,3.05084,3.06802,3.08269,3.61702,3.61702,4.0805,4.1213
118,-74.5,10.5,3.00277,3.14329,3.16518,3.18679,3.35914,3.35914,3.90184,4.33153
119,-74.0,10.5,3.20036,3.28769,3.35989,3.38284,3.5658,3.5658,4.00931,4.33153
120,-73.5,10.5,3.28085,3.40545,3.53129,3.5554,3.92671,3.92671,3.96082,4.13692
121,-73.0,10.5,3.21715,3.40545,3.53129,3.5912,3.94619,3.94619,3.96082,4.13692
122,-72.5,10.5,3.02981,3.22763,3.42743,3.49667,3.87637,3.87637,3.91514,3.95429
123,-72.0,10.5,2.85421,3.12251,3.39349,3.42743,3.47448,3.47448,3.79307,4.13552
124,-71.5,10.5,2.92622,3.14926,3.41106,3.48535,3.5548,3.5548,3.77339,4.13692
125,-71.0,10.5,3.02981,3.22763,3.44466,3.52044,3.62625,3.62625,3.8094,4.13692
126,-81.0,10.0,3.1001,3.25085,3.26737,3.66905,4.1213,4.1213,4.16252,4.20415
127,-80.5,10.0,3.1001,3.25085,3.26737,3.66905,4.1213,4.1213,4.16252,4.20415
128,-80.0,10.0,3.14403,3.21866,3.23502,3.65282,4.1213,4.1213,4.16252,4.20415
129,-79.5,10.0,3.15903,3.18679,3.20299,3.63676,4.1213,4.1213,4.16252,4.20415
130,-79.0,10.0,3.14329,3.15524,3.17128,3.62085,4.1213,4.1213,4.16252,4.20415
131,-78.5,10.0,3.11238,3.15524,3.17128,3.62085,4.1213,4.1213,4.16252,4.20415
132,-78.0,10.0,3.09715,3.15524,3.17128,3.62085,4.1213,4.1213,4.16252,4.20415
133,-77.5,10.0,3.06011,3.08052,3.10115,3.58839,4.1213,4.1213,4.16252,4.20415
134,-77.0,10.0,3.05084,3.06245,3.1248,3.62085,4.1213,4.1213,4.16252,4.20415
135,-76.5,10.0,2.9407,2.96111,2.97238,3.43318,4.0805,4.0805,4.1213,4.16252
136,-76.0,10.0,2.82595,2.84558,2.8564,3.37508,4.0805,4.0805,4.1213,4.16252
137,-75.5,10.0,2.7875,2.9318,2.94831,2.96241,3.91119,3.91119,4.1213,4.16252
138,-75.0,10.0,2.75663,2.89032,3.073,3.15524,3.46093,3.46093,3.95477,4.33153
139,-74.5,10.0,2.89724,3.05349,3.19259,3.20786,3.64892,3.64892,4.0805,4.1213
140,-74.0,10.0,3.12161,3.27376,3.4229,3.43926,3.76569,3.76569,4.0805,4.2487
141,-73.5,10.0,3.23236,3.38912,3.53129,3.62772,3.8599,3.8599,4.14306,4.33153
142,-73.0,10.0,3.12161,3.32543,3.53129,3.57322,3.85071,3.85071,3.96082,4.13692
143,-72.5,10.0,2.91159,3.16823,3.42743,3.46171,3.7646,3.7646,3.91514,3.95429
144,-72.0,10.0,2.78419,3.07754,3.35989,3.41054,3.67643,3.67643,3.91514,3.95429
145,-71.5,10.0,2.82624,3.07286,3.32696,3.39349,3.50923,3.50923,3.59829,3.92328
146,-71.0,10.0,2.97011,3.19763,3.44466,3.50281,3.60844,3.60844,3.8094,4.13692
147,-81.0,9.5,3.1001,3.25085,3.26737,3.66905,4.1213,4.1213,4.16252,4.20415
148,-80.5,9.5,3.1298,3.25085,3.26737,3.66905,4.1213,4.1213,4.16252,4.20415
149,-80.0,9.5,3.17632,3.28336,3.30004,3.68544,4.1213,4.1213,4.16252,4.20415
150,-79.5,9.5,3.22253,3.25085,3.26737,3.66905,4.1213,4.1213,4.16252,4.20415
151,-79.0,9.5,3.17471,3.18679,3.20299,3.63676,4.1213,4.1213,4.16252,4.20415
152,-78.5,9.5,3.14329,3.15524,3.17128,3.62085,4.1213,4.1213,4.16252,4.20415
153,-78.0,9.5,3.0907,3.11217,3.12401,3.50913,4.0805,4.0805,4.1213,4.16252
154,-77.5,9.5,3.07548,3.12161,3.14244,3.15693,4.0805,4.0805,4.1213,4.16252
155,-77.0,9.5,2.91159,2.9318,2.94295,3.41844,4.0805,4.0805,4.1213,4.16252
156,-76.5,9.5,2.77027,2.78951,2.80011,3.34689,4.0805,4.0805,4.1213,4.16252
157,-76.0,9.5,2.74284,2.76189,2.77239,3.333,4.0805,4.0805,4.1213,4.16252
158,-75.5,9.5,2.74284,2.76189,2.77239,3.333,4.0805,4.0805,4.1213,4.16252
159,-75.0,9.5,2.72933,2.9687,3.19259,3.20786,3.64892,3.64892,4.0805,4.2487
160,-74.5,9.5,2.86855,3.12014,3.35545,3.37149,3.73149,3.73149,4.0805,4.1213
161,-74.0,9.5,3.06011,3.27713,3.51389,3.62772,3.76341,3.76341,4.04658,4.33153
162,-73.5,9.5,3.15282,3.32372,3.51389,3.70297,3.91622,3.91622,4.12338,4.33153
163,-73.0,9.5,3.06011,3.17632,3.41308,3.5912,3.81383,3.81383,3.96082,4.13692
164,-72.5,9.5,2.85421,3.02466,3.3127,3.46171,3.67443,3.67443,3.89585,3.95429
165,-72.0,9.5,2.74284,2.98461,3.27795,3.37678,3.54643,3.54643,3.80225,3.95429
166,-71.5,9.5,2.79798,3.02838,3.31074,3.39349,3.49246,3.49246,3.74828,3.95429
167,-71.0,9.5,2.92622,3.14926,3.37678,3.44466,3.67443,3.67443,3.89585,3.95429
168,-81.0,9.0,3.11487,3.25085,3.26737,3.66905,4.1213,4.1213,4.16252,4.20415
169,-80.5,9.0,3.16109,3.28336,3.30004,3.68544,4.1213,4.1213,4.16252,4.20415
170,-80.0,9.0,3.26711,3.40281,3.42559,3.75142,4.1213,4.1213,4.16252,4.20415
171,-79.5,9.0,3.30804,3.48535,3.50306,3.78728,4.1213,4.1213,4.16252,4.20415
172,-79.0,9.0,3.27256,3.38284,3.40004,3.7356,4.1213,4.1213,4.16252,4.20415
173,-78.5,9.0,3.18751,3.33666,3.34935,3.62201,4.0805,4.0805,4.1213,4.16252
174,-78.0,9.0,3.13729,3.28944,3.44008,3.47365,3.78305,3.78305,4.14263,4.31083
175,-77.5,9.0,3.07777,3.20647,3.22452,3.28909,3.87697,3.87697,4.16252,4.20415
176,-77.0,9.0,2.89724,2.9318,2.95221,2.97238,3.89674,3.89674,3.979,4.0805
177,-76.5,9.0,2.60973,2.62784,2.71029,3.09831,3.76569,3.76569,4.0805,4.1213
178,-76.0,9.0,2.5583,2.57606,2.7701,3.16718,3.73149,3.73149,4.0805,4.1213
179,-75.5,9.0,2.75663,2.78951,2.80011,3.34689,4.0805,4.0805,4.1213,4.16252
180,-75.0,9.0,2.86855,3.07098,3.26109,3.28336,3.37324,3.37324,3.78709,4.20415
181,-74.5,9.0,3.02981,3.2793,3.53129,3.57322,3.63455,3.63455,3.84788,4.0805
182,-74.0,9.0,3.13776,3.35696,3.53129,3.74174,3.97506,3.97506,4.1006,4.24619
183,-73.5,9.0,3.12161,3.30804,3.51389,3.72226,3.94619,3.94619,3.96082,4.13692
184,-73.0,9.0,3.02981,3.1129,3.36489,3.62772,3.85071,3.85071,3.96082,4.13692
185,-72.5,9.0,2.91159,2.94649,3.24031,3.53129,3.67152,3.67152,3.85785,3.95429
186,-72.0,9.0,2.82595,2.91829,3.20348,3.42743,3.49194,3.49194,3.73065,3.95429
187,-71.5,9.0,2.88304,3.00672,3.19873,3.37728,3.49194,3.49194,3.56213,3.67061
188,-71.0,9.0,2.95547,3.16403,3.35989,3.39349,3.59917,3.59917,3.82059,3.95429
189,-81.0,8.5,3.11487,3.25085,3.26737,3.66905,4.1213,4.1213,4.16252,4.20415
190,-80.5,8.5,3.16241,3.31619,3.33304,3.702,4.1213,4.1213,4.16252,4.20415
191,-80.0,8.5,3.30804,3.48535,3.50306,3.78728,4.1213,4.1213,4.16252,4.20415
192,-79.5,8.5,3.40373,3.46854,3.70436,3.97112,4.1213,4.1213,4.16252,4.28992
193,-79.0,8.5,3.34679,3.40396,3.67007,3.93116,4.20415,4.20415,4.24619,4.28865
194,-78.5,8.5,3.26469,3.42301,3.57322,3.74303,4.0805,4.0805,4.1213,4.2259
195,-78.0,8.5,3.21715,3.40545,3.52662,3.63396,3.9298,3.9298,4.20539,4.3533
196,-77.5,8.5,3.16867,3.27169,3.35989,3.43419,3.97506,3.97506,4.14306,4.33153
197,-77.0,8.5,2.89767,2.99093,3.04167,3.20616,3.91662,3.91662,4.14306,4.33153
198,-76.5,8.5,2.48306,2.5003,2.82316,3.19236,3.66511,3.66511,4.0805,4.1213
199,-76.0,8.5,2.33915,2.46595,2.84557,3.11352,3.60131,3.60131,4.0805,4.1213
200,-75.5,8.5,2.66217,2.86611,3.11468,3.1761,3.63289,3.63289,4.0805,4.1213
201,-75.0,8.5,3.02011,3.30529,3.42743,3.45084,3.49273,3.49273,3.77695,4.20664
202,-74.5,8.5,3.17001,3.50687,3.53129,3.68388,3.85816,3.85816,3.95971,4.0805
203,-74.0,8.5,3.12161,3.30804,3.6044,3.78639,3.87637,3.87637,3.97475,4.05702
204,-73.5,8.5,3.06011,3.29453,3.53129,3.72226,3.94619,3.94619,3.96082,4.13692
205,-73.0,8.5,3.06011,3.11238,3.33157,3.67831,3.87637,3.87637,3.91514,3.95429
206,-72.5,8.5,2.99981,3.02063,3.23551,3.4791,3.59775,3.59775,3.65172,3.90261
207,-72.0,8.5,2.99981,3.02063,3.23551,3.46171,3.54432,3.54432,3.67152,3.87752
208,-71.5,8.5,2.99213,3.22253,3.26109,3.2937,3.68824,3.68824,3.72512,3.76237
209,-71.0,8.5,3.04632,3.37003,3.39349,3.41667,3.72263,3.72263,3.92161,3.99242
210,-81.0,8.0,3.1001,3.25085,3.26737,3.66905,4.1213,4.1213,4.16252,4.20415
211,-80.5,8.0,3.16109,3.28336,3.30004,3.68544,4.1213,4.1213,4.16252,4.20415
212,-80.0,8.0,3.29081,3.45084,3.46838,3.76988,4.1213,4.1213,4.16252,4.20415
213,-79.5,8.0,3.38691,3.48616,3.68375,3.93287,4.1213,4.1213,4.16252,4.20415
214,-79.0,8.0,3.31365,3.40454,3.70677,3.95064,4.20415,4.20415,4.24619,4.28865
215,-78.5,8.0,3.24836,3.3545,3.65078,3.89224,4.0805,4.0805,4.14201,4.24661
216,-78.0,8.0,3.20274,3.42193,3.52662,3.72905,4.06688,4.06688,4.20415,4.31083
217,-77.5,8.0,3.16867,3.35696,3.52662,3.56121,4.09133,4.09133,4.33153,4.37485
218,-77.0,8.0,2.99981,3.11373,3.22879,3.36831,3.87862,3.87862,4.14306,4.33153
219,-76.5,8.0,2.58414,2.70884,2.86625,3.19737,3.49273,3.49273,3.77695,4.0805
220,-76.0,8.0,2.42214,2.57951,2.86965,3.12556,3.25774,3.25774,3.65942,4.0805
221,-75.5,8.0,2.74312,2.98249,3.21289,3.25085,3.43616,3.43616,3.77339,4.13692
222,-75.0,8.0,3.13274,3.4554,3.53129,3.57322,3.64424,3.64424,3.8094,4.13692
223,-74.5,8.0,3.1762,3.50863,3.63829,3.71178,3.8,3.8,3.838,3.97894
224,-74.0,8.0,3.0907,3.3099,3.53129,3.72226,3.94619,3.94619,3.96082,4.13692
225,-73.5,8.0,2.94099,3.18074,3.48048,3.63865,3.82059,3.82059,4.03496,4.15599
226,-73.0,8.0,3.06011,3.17632,3.41308,3.65802,3.85728,3.85728,3.91514,3.95429
227,-72.5,8.0,3.15282,3.19062,3.38079,3.58453,3.65172,3.65172,3.80225,3.95429
228,-72.0,8.0,3.10854,3.28769,3.35989,3.39349,3.68824,3.68824,3.72512,3.76237
229,-71.5,8.0,3.09057,3.40373,3.42743,3.46171,3.65534,3.65534,3.838,3.87637
230,-71.0,8.0,3.08012,3.43776,3.46171,3.49633,3.7646,3.7646,3.91514,3.95429
231,-81.0,7.5,3.1001,3.25085,3.26737,3.66905,4.1213,4.1213,4.16252,4.20415
232,-80.5,7.5,3.14602,3.28336,3.30004,3.68544,4.1213,4.1213,4.16252,4.20415
233,-80.0,7.5,3.27256,3.38284,3.40004,3.7356,4.1213,4.1213,4.16252,4.20415
234,-79.5,7.5,3.32747,3.5554,3.57347,3.82259,4.1213,4.1213,4.16252,4.20415
235,-79.0,7.5,3.27092,3.402,3.59187,3.85862,4.1213,4.1213,4.16252,4.20415
236,-78.5,7.5,3.13271,3.38364,3.48578,3.78728,4.1213,4.1213,4.16252,4.20415
237,-78.0,7.5,3.04503,3.28767,3.57722,3.66509,4.0805,4.0805,4.1213,4.16252
238,-77.5,7.5,3.00278,3.35337,3.39979,3.65573,4.0805,4.0805,4.1213,4.16252
239,-77.0,7.5,2.94099,3.16403,3.39383,3.45084,3.61657,3.61657,3.86818,4.14201
240,-76.5,7.5,2.81203,2.97913,3.24743,3.38284,3.42392,3.42392,3.74253,4.0805
241,-76.0,7.5,2.75045,2.97595,3.13694,3.31642,3.39002,3.39002,3.72558,4.0805
242,-75.5,7.5,2.96344,3.33666,3.35989,3.39349,3.45737,3.45737,3.75273,4.11938
243,-75.0,7.5,3.33426,3.50687,3.53129,3.70297,3.90712,3.90712,3.92161,4.1173
244,-74.5,7.5,3.26469,3.40545,3.53129,3.72226,3.94619,3.94619,3.96082,4.13692
245,-74.0,7.5,2.97011,3.18074,3.5165,3.69313,3.89874,3.89874,4.09458,4.15599
246,-73.5,7.5,2.91159,3.13462,3.44602,3.69588,3.87637,3.87637,3.91514,3.95429
247,-73.0,7.5,3.04503,3.22597,3.46273,3.67685,3.85728,3.85728,3.91514,3.95429
248,-72.5,7.5,3.16867,3.35696,3.53129,3.5666,3.68933,3.68933,3.85785,3.95429
249,-72.0,7.5,3.12148,3.43776,3.46171,3.49633,3.59775,3.59775,3.72623,3.89643
250,-71.5,7.5,3.08377,3.47215,3.49633,3.53129,3.59775,3.59775,3.74532,3.89585
251,-71.0,7.5,3.06465,3.33834,3.46171,3.49633,3.80112,3.80112,3.91514,3.95429
252,-81.0,7.0,3.1001,3.25085,3.26737,3.66905,4.1213,4.1213,4.16252,4.20415
253,-80.5,7.0,3.14487,3.25085,3.26737,3.66905,4.1213,4.1213,4.16252,4.20415
254,-80.0,7.0,3.24016,3.34935,3.36637,3.71871,4.1213,4.1213,4.16252,4.20415
255,-79.5,7.0,3.34878,3.47121,3.49445,3.78602,4.1213,4.1213,4.16252,4.20415
256,-79.0,7.0,3.24005,3.47121,3.49445,3.78602,4.1213,4.1213,4.16252,4.20415
257,-78.5,7.0,3.07679,3.40281,3.42559,3.75142,4.1213,4.1213,4.16252,4.20415
258,-78.0,7.0,2.91523,3.31619,3.33304,3.702,4.1213,4.1213,4.16252,4.20415
259,-77.5,7.0,2.81941,3.27092,3.28336,3.58896,4.0805,4.0805,4.1213,4.16252
260,-77.0,7.0,2.82595,3.15947,3.4917,3.5084,3.80058,3.80058,4.0805,4.1213
261,-76.5,7.0,2.88275,3.18802,3.51389,3.5554,3.59856,3.59856,3.82988,4.0805
262,-76.0,7.0,2.97835,3.35696,3.53129,3.5912,3.68068,3.68068,3.78862,4.09788
263,-75.5,7.0,3.30305,3.50687,3.53129,3.69588,3.87637,3.87637,3.91514,3.95429
264,-75.0,7.0,3.30621,3.7226,3.74853,3.78601,3.838,3.838,3.87637,3.91514
265,-74.5,7.0,3.2162,3.37296,3.53129,3.69588,3.87637,3.87637,3.91514,3.95429
266,-74.0,7.0,2.97011,3.14748,3.42947,3.69588,3.87637,3.87637,3.91514,3.95429
267,-73.5,7.0,2.91159,3.0694,3.38079,3.69588,3.87637,3.87637,3.91514,3.95429
268,-73.0,7.0,2.98503,3.24683,3.51389,3.69588,3.87637,3.87637,3.91514,3.95429
269,-72.5,7.0,3.0571,3.42193,3.53129,3.60262,3.68824,3.68824,3.82059,3.95429
270,-72.0,7.0,3.0099,3.40373,3.42743,3.46171,3.50923,3.50923,3.54432,3.6528
271,-71.5,7.0,2.99967,3.33689,3.39349,3.46854,3.57243,3.57243,3.58568,3.84462
272,-71.0,7.0,3.06011,3.24286,3.46205,3.5202,3.62671,3.62671,3.82768,4.13692
273,-81.0,6.5,3.10854,3.23766,3.25934,3.66787,4.1213,4.1213,4.16252,4.20415
274,-80.5,6.5,3.13854,3.23766,3.25934,3.66787,4.1213,4.1213,4.16252,4.20415
275,-80.0,6.5,3.21811,3.33577,3.3581,3.71751,4.1213,4.1213,4.16252,4.20415
276,-79.5,6.5,3.33059,3.34328,3.70786,4.0805,4.16252,4.16252,4.20415,4.24619
277,-79.0,6.5,3.26496,3.2774,3.67481,4.0805,4.16252,4.16252,4.20415,4.24619
278,-78.5,6.5,3.13756,3.14952,3.61062,4.0805,4.16252,4.16252,4.20415,4.24619
279,-78.0,6.5,2.94055,3.31619,3.34976,3.71871,4.1213,4.1213,4.16252,4.20415
280,-77.5,6.5,2.80539,3.21866,3.23502,3.65282,4.1213,4.1213,4.16252,4.20415
281,-77.0,6.5,2.78725,3.20647,3.21866,3.55654,4.0805,4.0805,4.1213,4.16252
282,-76.5,6.5,2.88304,3.2199,3.53129,3.5554,3.59856,3.59856,3.82988,4.0805
283,-76.0,6.5,3.14973,3.47239,3.53129,3.72226,3.94619,3.94619,3.96082,4.01204
284,-75.5,6.5,3.48269,3.50687,3.53129,3.69588,3.87637,3.87637,3.91514,3.95429
285,-75.0,6.5,3.48269,3.50687,3.53129,3.69588,3.87637,3.87637,3.91514,3.95429
286,-74.5,6.5,3.18436,3.32234,3.49667,3.69588,3.87637,3.87637,3.91514,3.95429
287,-74.0,6.5,2.97011,3.0829,3.36489,3.69588,3.87637,3.87637,3.91514,3.95429
288,-73.5,6.5,2.86855,3.10359,3.39451,3.66092,3.87637,3.87637,3.91514,3.95429
289,-73.0,6.5,2.87068,3.2493,3.53129,3.58453,3.87637,3.87637,3.91514,3.95429
290,-72.5,6.5,2.87171,3.37082,3.46171,3.49633,3.54432,3.54432,3.74828,3.95429
291,-72.0,6.5,2.85539,3.27092,3.2937,3.31619,3.36539,3.36539,3.37787,3.72034
292,-71.5,6.5,2.94099,3.14748,3.32663,3.34935,3.41609,3.41609,3.44576,3.75431
293,-71.0,6.5,3.04503,3.19271,3.39451,3.48535,3.5548,3.5548,3.77339,4.13692
294,-81.0,6.0,3.10854,3.23766,3.25934,3.66787,4.1213,4.1213,4.16252,4.20415
295,-80.5,6.0,3.13854,3.23766,3.25934,3.66787,4.1213,4.1213,4.16252,4.20415
296,-80.0,6.0,3.22361,3.31619,3.33304,3.702,4.1213,4.1213,4.16252,4.20415
297,-79.5,6.0,3.33059,3.34328,3.70786,4.0805,4.16252,4.16252,4.20415,4.24619
298,-79.0,6.0,3.34758,3.41048,3.74158,4.0805,4.16252,4.16252,4.20415,4.24619
299,-78.5,6.0,3.09083,4.05308,4.18201,4.22382,4.30872,4.30872,4.35181,4.39533
300,-78.0,6.0,3.06143,3.14952,3.61062,4.0805,4.16252,4.16252,4.20415,4.24619
301,-77.5,6.0,2.89884,3.28336,3.30004,3.68544,4.1213,4.1213,4.16252,4.20415
302,-77.0,6.0,2.82876,3.14329,3.15524,3.52477,4.0805,4.0805,4.1213,4.16252
303,-76.5,6.0,2.91159,3.16823,3.42743,3.45084,3.49273,3.49273,3.77695,4.0805
304,-76.0,6.0,3.22767,3.50687,3.53129,3.70297,3.90712,3.90712,3.92161,3.99242
305,-75.5,6.0,3.48269,3.50687,3.53129,3.69588,3.87637,3.87637,3.91514,3.95429
306,-75.0,6.0,3.48269,3.50687,3.53129,3.69588,3.87637,3.87637,3.91514,3.95429
307,-74.5,6.0,3.12161,3.25687,3.46273,3.69588,3.87637,3.87637,3.91514,3.95429
308,-74.0,6.0,2.91159,3.10169,3.3609,3.4791,3.87637,3.87637,3.91514,3.95429
309,-73.5,6.0,2.79798,3.09425,3.39349,3.42743,3.71117,3.71117,3.91514,3.95429
310,-73.0,6.0,2.74015,3.18074,3.39349,3.42743,3.61914,3.61914,3.85785,3.95429
311,-72.5,6.0,2.7094,3.20723,3.2937,3.3328,3.41609,3.41609,3.51577,3.82432
312,-72.0,6.0,2.75206,3.11217,3.16549,3.21866,3.26642,3.26642,3.29493,3.68703
313,-71.5,6.0,2.91159,3.0694,3.2614,3.32663,3.3723,3.3723,3.40602,3.74158
314,-71.0,6.0,3.06011,3.14403,3.36322,3.5202,3.57243,3.57243,3.6772,4.04073
315,-81.0,5.5,3.12347,3.23766,3.25934,3.66787,4.1213,4.1213,4.16252,4.20415
316,-80.5,5.5,3.11162,3.30274,3.32485,3.7008,4.1213,4.1213,4.16252,4.20415
317,-80.0,5.5,3.18285,3.41667,3.43404,3.75265,4.1213,4.1213,4.16252,4.20415
318,-79.5,5.5,3.36389,3.37671,3.72464,4.0805,4.16252,4.16252,4.20415,4.24619
319,-79.0,5.5,3.40176,3.58445,3.82889,4.0805,4.16252,4.16252,4.20415,4.24619
320,-78.5,5.5,3.24913,3.31018,3.69125,4.0805,4.16252,4.16252,4.20415,4.24619
321,-78.0,5.5,3.07636,3.14952,3.61062,4.0805,4.16252,4.16252,4.20415,4.24619
322,-77.5,5.5,2.85407,3.21866,3.23502,3.65282,4.1213,4.1213,4.16252,4.20415
323,-77.0,5.5,2.74284,2.95296,3.2254,3.37224,3.80058,3.80058,4.0805,4.1213
324,-76.5,5.5,2.88275,2.97695,3.23359,3.41667,3.47545,3.47545,3.77695,4.0805
325,-76.0,5.5,3.24836,3.3545,3.49667,3.5912,3.68068,3.68068,3.69433,3.87869
326,-75.5,5.5,3.48269,3.50687,3.53129,3.65802,3.8,3.8,3.838,3.87637
327,-75.0,5.5,3.28085,3.40545,3.53129,3.69588,3.87637,3.87637,3.91514,3.95429
328,-74.5,5.5,2.9407,3.13271,3.39451,3.66092,3.87637,3.87637,3.91514,3.95429
329,-74.0,5.5,2.85421,3.07286,3.31025,3.37678,3.62094,3.62094,3.87676,3.95429
330,-73.5,5.5,2.79825,3.02637,3.22879,3.26109,3.40805,3.40805,3.71117,3.93481
331,-73.0,5.5,2.69783,3.08157,3.14959,3.19683,3.54537,3.54537,3.70732,3.87752
332,-72.5,5.5,2.6596,3.11373,3.22879,3.30019,3.48476,3.48476,3.53261,3.80655
333,-72.0,5.5,2.84353,3.18074,3.39349,3.42743,3.47448,3.47448,3.50923,3.79345
334,-71.5,5.5,2.9704,3.09783,3.29565,3.44466,3.50923,3.50923,3.54432,3.81107
335,-71.0,5.5,3.04503,3.12812,3.32993,3.49633,3.57976,3.57976,3.61556,3.86717
336,-81.0,5.0,3.09425,3.38284,3.40004,3.7356,4.1213,4.1213,4.16252,4.20415
337,-80.5,5.0,3.11427,3.45084,3.46838,3.76988,4.1213,4.1213,4.16252,4.20415
338,-80.0,5.0,3.17687,3.55565,3.60921,3.84052,4.1213,4.1213,4.16252,4.20415
339,-79.5,5.0,3.33655,3.54896,3.81107,4.0805,4.16252,4.16252,4.20415,4.24619
340,-79.0,5.0,3.35058,3.51382,3.79345,4.0805,4.16252,4.16252,4.20415,4.24619
341,-78.5,5.0,3.28325,3.41048,3.74158,4.0805,4.16252,4.16252,4.20415,4.24619
342,-78.0,5.0,3.04529,3.05689,3.56414,4.0805,4.16252,4.16252,4.20415,4.24619
343,-77.5,5.0,2.73116,2.97238,3.07968,3.62085,4.1213,4.1213,4.16252,4.20415
344,-77.0,5.0,2.62284,2.75004,3.14328,3.45648,3.90794,3.90794,4.33153,4.37485
345,-76.5,5.0,2.88275,3.00767,3.14959,3.37143,3.94619,3.94619,3.96082,4.13692
346,-76.0,5.0,3.24836,3.27092,3.41308,3.5554,3.62625,3.62625,3.65775,3.98528
347,-75.5,5.0,3.24836,3.33745,3.42743,3.49667,3.57976,3.57976,3.61556,3.65172
348,-75.0,5.0,2.9407,3.13271,3.42947,3.58453,3.65172,3.65172,3.72549,3.87752
349,-74.5,5.0,2.74284,3.03329,3.4119,3.54903,3.72733,3.72733,3.89585,3.95429
350,-74.0,5.0,2.84016,3.04057,3.31156,3.42743,3.56354,3.56354,3.80225,3.95429
351,-73.5,5.0,2.85421,3.04057,3.22879,3.26109,3.51444,3.51444,3.82059,3.95429
352,-73.0,5.0,2.66956,3.00892,3.16518,3.18679,3.48861,3.48861,3.8094,4.13692
353,-72.5,5.0,2.67755,3.03069,3.2937,3.32663,3.45873,3.45873,3.74828,4.07984
354,-72.0,5.0,2.84016,3.12251,3.44517,3.55565,3.64424,3.64424,3.8094,4.13692
355,-71.5,5.0,2.99981,3.1298,3.39686,3.60938,3.71749,3.71749,3.73128,4.02207
356,-71.0,5.0,3.0907,3.15941,3.38079,3.60938,3.71749,3.71749,3.73128,4.02207
357,-81.0,4.5,3.09722,3.48616,3.6095,3.85862,4.1213,4.1213,4.16252,4.20415
358,-80.5,4.5,3.11427,3.52102,3.6456,3.91772,4.20415,4.20415,4.24619,4.28865
359,-80.0,4.5,3.17079,3.53902,3.68206,3.9569,4.24619,4.24619,4.28865,4.33153
360,-79.5,4.5,3.30565,3.54896,3.81107,4.0805,4.16252,4.16252,4.20415,4.24619
361,-79.0,4.5,3.39821,3.47903,3.77598,4.0805,4.16252,4.16252,4.20415,4.24619
362,-78.5,4.5,3.3141,3.34328,3.70786,4.0805,4.16252,4.16252,4.20415,4.24619
363,-78.0,4.5,3.01513,3.02663,3.54896,4.0805,4.16252,4.16252,4.20415,4.24619
364,-77.5,4.5,2.73592,2.82812,3.00741,3.62085,4.1213,4.1213,4.16252,4.20415
365,-77.0,4.5,2.63582,2.76429,3.12369,3.38837,4.05318,4.05318,4.33153,4.37485
366,-76.5,4.5,2.95547,2.99073,3.27271,3.5554,3.74488,3.74488,3.9832,4.22527
367,-76.0,4.5,3.24836,3.38912,3.53129,3.5912,3.71779,3.71779,3.86477,4.13692
368,-75.5,4.5,3.07548,3.25823,3.42743,3.46171,3.52686,3.52686,3.74828,3.95429
369,-75.0,4.5,2.79798,3.09425,3.41054,3.49667,3.57976,3.57976,3.74662,3.93481
370,-74.5,4.5,2.77027,3.08033,3.41054,3.56872,3.76237,3.76237,3.8,3.89643
371,-74.0,4.5,2.91159,3.15134,3.41054,3.58718,3.87637,3.87637,3.91514,3.95429
372,-73.5,4.5,2.91159,3.13462,3.35989,3.42777,3.87637,3.87637,3.91514,3.95429
373,-73.0,4.5,2.70338,2.9984,3.22879,3.25085,3.64004,3.64004,3.96082,4.13692
374,-72.5,4.5,2.66376,3.00068,3.26109,3.28336,3.72477,3.72477,3.96082,4.13692
375,-72.0,4.5,2.79798,3.09425,3.39349,3.48616,3.90743,3.90743,3.96082,4.13692
376,-71.5,4.5,2.9407,3.11632,3.41308,3.62772,3.81171,3.81171,3.92183,4.13692
377,-71.0,4.5,3.04503,3.17632,3.41308,3.60938,3.71749,3.71749,3.80708,4.09788
378,-81.0,4.0,3.08279,3.42301,3.74174,3.95064,4.16252,4.16252,4.20415,4.24619
379,-80.5,4.0,3.09377,3.39053,3.74174,3.95064,4.16252,4.16252,4.20415,4.24619
380,-80.0,4.0,3.11808,3.45383,3.6456,3.87691,4.1213,4.1213,4.16252,4.20415
381,-79.5,4.0,3.28325,3.41048,3.74158,4.0805,4.16252,4.16252,4.20415,4.24619
382,-79.0,4.0,3.15963,4.05308,4.18201,4.22382,4.30872,4.30872,4.35181,4.39533
383,-78.5,4.0,3.20063,3.21283,3.6424,4.0805,4.16252,4.16252,4.20415,4.24619
384,-78.0,4.0,2.99144,3.06245,3.1248,3.62085,4.1213,4.1213,4.16252,4.20415
385,-77.5,4.0,2.74857,2.80011,2.99338,3.62085,4.1213,4.1213,4.16252,4.20415
386,-77.0,4.0,2.70432,2.90423,3.0021,3.44806,4.0805,4.0805,4.1213,4.20456
387,-76.5,4.0,3.06011,3.1601,3.37467,3.71152,4.00537,4.00537,4.10101,4.20456
388,-76.0,4.0,3.2828,3.4554,3.53129,3.68388,3.86843,3.86843,3.88277,4.09788
389,-75.5,4.0,3.0907,3.29251,3.49633,3.5202,3.57243,3.57243,3.77339,4.13692
390,-75.0,4.0,2.9407,3.19991,3.46171,3.49633,3.74662,3.74662,3.91514,3.95429
391,-74.5,4.0,2.99981,3.24683,3.49633,3.67831,3.87637,3.87637,3.91514,3.95429
392,-74.0,4.0,3.06011,3.29453,3.53129,3.69588,3.87637,3.87637,3.91514,3.95429
393,-73.5,4.0,2.99981,3.26423,3.53129,3.57322,3.82302,3.82302,4.14306,4.33153
394,-73.0,4.0,2.84058,3.12014,3.35989,3.38284,3.54744,3.54744,3.99094,4.33153
395,-72.5,4.0,2.77109,3.07505,3.32663,3.34935,3.66294,3.66294,4.12338,4.33153
396,-72.0,4.0,2.82595,3.12519,3.42743,3.46812,3.82302,3.82302,4.14306,4.33153
397,-71.5,4.0,2.92622,3.18285,3.42743,3.53902,3.88834,3.88834,3.96082,4.13692
398,-71.0,4.0,3.02981,3.22763,3.46205,3.55565,3.73662,3.73662,3.88361,4.13692
399,-81.0,3.5,3.05271,3.2774,3.67481,4.0805,4.16252,4.16252,4.20415,4.24619
400,-80.5,3.5,3.02498,3.48535,3.50306,3.78728,4.1213,4.1213,4.16252,4.20415
401,-80.0,3.5,3.06393,3.48535,3.50306,3.78728,4.1213,4.1213,4.16252,4.20415
402,-79.5,3.5,3.26496,3.2774,3.67481,4.0805,4.16252,4.16252,4.20415,4.24619
403,-79.0,3.5,3.29761,3.31018,3.69125,4.0805,4.16252,4.16252,4.20415,4.24619
404,-78.5,3.5,3.14329,3.15524,3.17128,3.62085,4.1213,4.1213,4.16252,4.20415
405,-78.0,3.5,2.85983,2.88497,3.03589,3.62085,4.1213,4.1213,4.16252,4.20415
406,-77.5,3.5,2.68191,2.87403,2.88497,3.38939,4.0805,4.0805,4.1213,4.16252
407,-77.0,3.5,2.77795,2.99073,3.0021,3.44806,4.0805,4.0805,4.1213,4.16252
408,-76.5,3.5,3.15282,3.25584,3.3893,3.6576,3.98581,3.98581,4.0805,4.1213
409,-76.0,3.5,3.33278,3.48954,3.53129,3.68388,3.86843,3.86843,3.88277,3.97298
410,-75.5,3.5,3.20036,3.33834,3.46171,3.49633,3.7646,3.7646,3.91514,3.95429
411,-75.0,3.5,3.06859,3.35377,3.42743,3.46171,3.69189,3.69189,3.93539,4.05404
412,-74.5,3.5,3.08377,3.48954,3.53129,3.58453,3.8437,3.8437,4.07411,4.11485
413,-74.0,3.5,3.15282,3.34112,3.53129,3.69588,3.87637,3.87637,3.91514,3.95429
414,-73.5,3.5,3.12161,3.32543,3.53129,3.60938,3.85071,3.85071,3.96082,4.13692
415,-73.0,3.5,3.06101,3.32543,3.53129,3.5554,3.59856,3.59856,3.95477,4.33153
416,-72.5,3.5,3.04548,3.3099,3.53129,3.5554,3.72839,3.72839,4.0846,4.33153
417,-72.0,3.5,3.0301,3.29453,3.53129,3.5554,3.84137,3.84137,4.14306,4.33153
418,-71.5,3.5,3.04503,3.27713,3.49633,3.53784,3.88834,3.88834,3.96082,4.13692
419,-71.0,3.5,3.06011,3.27713,3.49633,3.53784,3.73867,3.73867,3.92183,4.13692
420,-81.0,3.0,3.14147,3.31018,3.69125,4.0805,4.16252,4.16252,4.20415,4.24619
421,-80.5,3.0,3.09143,3.14952,3.61062,4.0805,4.16252,4.16252,4.20415,4.24619
422,-80.0,3.0,3.12235,3.18101,3.62643,4.0805,4.16252,4.16252,4.20415,4.24619
423,-79.5,3.0,3.23264,3.24496,3.65852,4.0805,4.16252,4.16252,4.20415,4.24619
424,-79.0,3.0,3.26469,3.30274,3.32485,3.7008,4.1213,4.1213,4.16252,4.20415
425,-78.5,3.0,2.96111,2.97238,3.07968,3.62085,4.1213,4.1213,4.16252,4.20415
426,-78.0,3.0,2.61696,2.91331,3.01982,3.03374,4.14263,4.14263,4.24619,4.28865
427,-77.5,3.0,2.60497,2.8174,2.82812,3.36092,4.0805,4.0805,4.1213,4.16252
428,-77.0,3.0,2.84016,2.90297,3.17396,3.45107,3.76456,3.76456,4.04214,4.24619
429,-76.5,3.0,3.31365,3.33666,3.53653,3.77439,3.85816,3.85816,3.95971,4.0805
430,-76.0,3.0,3.35011,3.50687,3.53129,3.60938,3.71749,3.71749,3.73128,3.89717
431,-75.5,3.0,3.15751,3.37026,3.42743,3.46171,3.50923,3.50923,3.73065,4.03496
432,-75.0,3.0,3.17103,3.38805,3.49633,3.53129,3.87637,3.87637,3.91514,3.95429
433,-74.5,3.0,3.09197,3.54194,3.58453,3.63829,3.78277,3.78277,3.97475,4.09458
434,-74.0,3.0,3.18467,3.37296,3.53129,3.69588,3.87637,3.87637,3.91514,3.95429
435,-73.5,3.0,3.15595,3.40545,3.53129,3.62772,3.75467,3.75467,3.86477,4.13692
436,-73.0,3.0,3.18751,3.42193,3.53129,3.64626,3.79221,3.79221,3.88361,4.13692
437,-72.5,3.0,3.21715,3.40545,3.53129,3.64626,3.88834,3.88834,3.96082,4.13692
438,-72.0,3.0,3.16867,3.35696,3.53129,3.60938,3.86943,3.86943,3.96082,4.13692
439,-71.5,3.0,3.10623,3.32543,3.53129,3.5554,3.79566,3.79566,3.96082,4.13692
440,-71.0,3.0,3.0907,3.29251,3.49633,3.53784,3.68098,3.68098,3.84614,4.13692
441,-81.0,2.5,3.10649,3.11834,3.59498,4.0805,4.16252,4.16252,4.20415,4.24619
442,-80.5,2.5,3.10649,3.11834,3.59498,4.0805,4.16252,4.16252,4.20415,4.24619
443,-80.0,2.5,3.13756,3.14952,3.61062,4.0805,4.16252,4.16252,4.20415,4.24619
444,-79.5,2.5,3.12251,3.38284,3.40004,3.7356,4.1213,4.1213,4.16252,4.20415
445,-79.0,2.5,3.1129,3.18679,3.20299,3.63676,4.1213,4.1213,4.16252,4.20415
446,-78.5,2.5,2.73473,2.77239,2.9795,3.62085,4.1213,4.1213,4.16252,4.20415
447,-78.0,2.5,2.45606,2.72135,2.77239,3.333,4.0805,4.0805,4.1213,4.2259
448,-77.5,2.5,2.5583,2.73974,3.04049,3.43201,3.92829,3.92829,4.14263,4.31083
449,-77.0,2.5,2.95767,3.08135,3.24887,3.65302,3.9357,3.9357,3.9985,4.0805
450,-76.5,2.5,3.22767,3.50687,3.53129,3.62772,3.75467,3.75467,3.76858,3.91585
451,-76.0,2.5,3.25512,3.48954,3.53129,3.58453,3.65172,3.65172,3.68824,3.72512
452,-75.5,2.5,3.1547,3.37173,3.49633,3.53129,3.7646,3.7646,3.91514,3.95429
453,-75.0,2.5,3.16867,3.35696,3.53129,3.65802,3.87637,3.87637,3.91514,3.95429
454,-74.5,2.5,3.11362,3.4395,3.5666,3.62037,3.76349,3.76349,3.95547,4.09458
455,-74.0,2.5,3.12811,3.42193,3.54903,3.60227,3.67007,3.67007,3.78184,4.01688
456,-73.5,2.5,3.13776,3.35696,3.53129,3.5666,3.61556,3.61556,3.65172,3.92328
457,-73.0,2.5,3.21811,3.42193,3.53129,3.62772,3.7735,3.7735,3.88361,4.13692
458,-72.5,2.5,3.15282,3.32372,3.51389,3.5666,3.61556,3.61556,3.7646,4.06036
459,-72.0,2.5,3.15282,3.34112,3.53129,3.57322,3.77607,3.77607,3.94123,4.13692
460,-71.5,2.5,3.10623,3.30804,3.49633,3.55565,3.68098,3.68098,3.84614,4.13692
461,-71.0,2.5,3.0907,3.27528,3.49667,3.5554,3.64452,3.64452,3.82768,4.13692
462,-81.0,2.0,3.10649,3.11834,3.59498,4.0805,4.16252,4.16252,4.20415,4.24619
463,-80.5,2.0,3.05794,4.05308,4.18201,4.22382,4.30872,4.30872,4.35181,4.39533
464,-80.0,2.0,3.05794,4.05308,4.18201,4.22382,4.30872,4.30872,4.35181,4.39533
465,-79.5,2.0,3.10169,3.28336,3.30004,3.68544,4.1213,4.1213,4.16252,4.20415
466,-79.0,2.0,2.95119,3.20647,3.21866,3.55654,4.0805,4.0805,4.1213,4.16252
467,-78.5,2.0,2.60304,2.79798,3.04373,3.45745,4.0805,4.0805,4.1213,4.2259
468,-78.0,2.0,2.4392,2.60182,3.07321,3.65259,3.92829,3.92829,4.0805,4.20539
469,-77.5,2.0,2.64131,2.84577,3.21425,3.68388,3.85816,3.85816,3.95971,4.0805
470,-77.0,2.0,2.94245,3.2793,3.53129,3.60938,3.71749,3.71749,3.73128,3.89717
471,-76.5,2.0,3.17001,3.50687,3.53129,3.62091,3.72512,3.72512,3.76237,3.8
472,-76.0,2.0,3.19319,3.43776,3.49667,3.62091,3.8,3.8,3.838,3.87637
473,-75.5,2.0,3.2162,3.33834,3.4791,3.67831,3.87637,3.87637,3.91514,3.95429
474,-75.0,2.0,3.24836,3.38912,3.53129,3.69588,3.87637,3.87637,3.91514,3.95429
475,-74.5,2.0,3.18436,3.32234,3.55044,3.67467,3.74383,3.74383,3.81909,3.97574
476,-74.0,2.0,3.16867,3.30529,3.49736,3.60227,3.65172,3.65172,3.70677,3.80037
477,-73.5,2.0,3.20036,3.37296,3.53129,3.60262,3.74439,3.74439,3.87676,3.95429
478,-73.0,2.0,3.16914,3.37296,3.53129,3.60938,3.71749,3.71749,3.84614,4.13692
479,-72.5,2.0,3.13729,3.34112,3.53129,3.57322,3.73746,3.73746,3.90262,4.13692
480,-72.0,2.0,3.06101,3.25687,3.42777,3.49633,3.61556,3.61556,3.74532,3.97894
481,-71.5,2.0,3.0907,3.27528,3.49667,3.5554,3.64452,3.64452,3.82768,4.13692
482,-71.0,2.0,3.0907,3.27528,3.4791,3.53784,3.64424,3.64424,3.8094,4.13692
483,-81.0,1.5,3.13772,3.18101,3.62643,4.0805,4.16252,4.16252,4.20415,4.24619
484,-80.5,1.5,3.13772,3.18101,3.62643,4.0805,4.16252,4.16252,4.20415,4.24619
485,-80.0,1.5,3.15325,3.18101,3.62643,4.0805,4.16252,4.16252,4.20415,4.24619
486,-79.5,1.5,3.10854,3.23766,3.25934,3.66787,4.1213,4.1213,4.16252,4.20415
487,-79.0,1.5,2.96719,3.23853,3.25085,3.57267,4.0805,4.0805,4.1213,4.16252
488,-78.5,1.5,2.70271,2.87653,3.27271,3.5554,3.61657,3.61657,3.84788,4.12172
489,-78.0,1.5,2.5583,2.92417,3.37812,3.48535,3.52766,3.52766,3.79442,4.0805
490,-77.5,1.5,2.70271,3.13511,3.53129,3.5666,3.61556,3.61556,3.65172,3.86505
491,-77.0,1.5,2.94057,3.39053,3.5666,3.60227,3.65172,3.65172,3.68824,3.72512
492,-76.5,1.5,3.14475,3.42119,3.51389,3.62091,3.72512,3.72512,3.76237,3.8
493,-76.0,1.5,3.20162,3.32017,3.41106,3.56766,3.68824,3.68824,3.88021,4.09458
494,-75.5,1.5,3.28085,3.38805,3.51389,3.72226,3.94619,3.94619,3.96082,4.13692
495,-75.0,1.5,3.26469,3.33689,3.55324,3.74853,3.8,3.8,3.89643,4.09951
496,-74.5,1.5,3.23236,3.38912,3.53129,3.70297,3.90712,3.90712,3.92161,3.99242
497,-74.0,1.5,3.15282,3.27256,3.48048,3.62037,3.68824,3.68824,3.72512,3.80037
498,-73.5,1.5,3.15282,3.34112,3.53129,3.60262,3.74439,3.74439,3.87676,3.95429
499,-73.0,1.5,3.12161,3.32543,3.53129,3.57322,3.69962,3.69962,3.86477,4.13692
500,-72.5,1.5,3.10623,3.29081,3.49667,3.57322,3.68098,3.68098,3.84614,4.13692
501,-72.0,1.5,3.06011,3.22597,3.42777,3.49633,3.61556,3.61556,3.67007,3.9242
502,-71.5,1.5,3.0907,3.27528,3.4791,3.53784,3.64424,3.64424,3.8094,4.13692
503,-71.0,1.5,3.0907,3.27528,3.4791,3.53784,3.64424,3.64424,3.8094,4.13692
504,-81.0,1.0,3.10649,3.11834,3.59498,4.0805,4.16252,4.16252,4.20415,4.24619
505,-80.5,1.0,3.1001,3.25085,3.26737,3.66905,4.1213,4.1213,4.16252,4.20415
506,-80.0,1.0,3.11487,3.25085,3.26737,3.66905,4.1213,4.1213,4.16252,4.20415
507,-79.5,1.0,3.09713,3.30363,3.31619,3.6054,4.0805,4.0805,4.1213,4.16252
508,-79.0,1.0,3.06192,3.30649,3.45713,3.47365,3.78305,3.78305,4.0805,4.1213
509,-78.5,1.0,2.92622,3.19991,3.46171,3.48535,3.52766,3.52766,3.79442,4.0805
510,-78.0,1.0,2.7988,3.13939,3.42743,3.45084,3.50204,3.50204,3.51503,3.78897
511,-77.5,1.0,2.83015,3.19763,3.42743,3.46171,3.50923,3.50923,3.54432,3.57976
512,-77.0,1.0,3.00011,3.24468,3.46171,3.49633,3.54432,3.54432,3.57976,3.68933
513,-76.5,1.0,3.12161,3.25687,3.39349,3.46205,3.54432,3.54432,3.82817,4.13552
514,-76.0,1.0,3.28085,3.30363,3.37728,3.64369,3.87637,3.87637,3.91514,3.95429
515,-75.5,1.0,3.34679,3.37003,3.46273,3.72226,3.94619,3.94619,3.96082,4.13692
516,-75.0,1.0,3.33031,3.43858,3.53129,3.74174,3.97506,3.97506,4.07969,4.20415
517,-74.5,1.0,3.21652,3.38912,3.53129,3.72226,3.94619,3.94619,3.96082,4.01204
518,-74.0,1.0,3.13729,3.28944,3.51528,3.63829,3.68824,3.68824,3.72512,3.90193
519,-73.5,1.0,3.12161,3.32543,3.53129,3.60938,3.71749,3.71749,3.74995,4.04073
520,-73.0,1.0,3.06011,3.24286,3.44466,3.49633,3.61556,3.61556,3.67007,3.9242
521,-72.5,1.0,3.06041,3.22463,3.39383,3.49667,3.61592,3.61592,3.70677,3.92223
522,-72.0,1.0,3.0907,3.27528,3.4791,3.53784,3.64424,3.64424,3.8094,4.13692
523,-71.5,1.0,3.0907,3.27528,3.4791,3.53784,3.64424,3.64424,3.8094,4.13692
524,-71.0,1.0,3.0907,3.27528,3.4791,3.53784,3.64424,3.64424,3.8094,4.13692
525,-81.0,0.5,3.1001,3.25085,3.26737,3.66905,4.1213,4.1213,4.16252,4.20415
526,-80.5,0.5,3.08279,3.30363,3.31619,3.6054,4.0805,4.0805,4.1213,4.16252
527,-80.0,0.5,3.08279,3.30363,3.31619,3.6054,4.0805,4.0805,4.1213,4.16252
528,-79.5,0.5,3.08081,3.3545,3.47447,3.5084,3.80058,3.80058,4.0805,4.1213
529,-79.0,0.5,3.09101,3.30804,3.49633,3.5202,3.56293,3.56293,3.81206,4.0805
530,-78.5,0.5,3.0316,3.29081,3.46171,3.48535,3.53707,3.53707,3.55017,3.80655
531,-78.0,0.5,2.9606,3.25687,3.39349,3.42743,3.47448,3.47448,3.50923,3.63517
532,-77.5,0.5,2.98548,3.21075,3.39349,3.42743,3.47448,3.47448,3.50923,3.67279
533,-77.0,0.5,3.06011,3.22597,3.42777,3.49633,3.59829,3.59829,3.80225,3.95429
534,-76.5,0.5,3.18436,3.23876,3.31025,3.55518,3.87637,3.87637,3.91514,3.95429
535,-76.0,0.5,3.2162,3.28769,3.35989,3.57885,3.94619,3.94619,3.96082,4.13692
536,-75.5,0.5,3.24836,3.37173,3.51389,3.68388,3.85816,3.85816,4.0846,4.33153
537,-75.0,0.5,3.29782,3.42119,3.62305,3.77414,3.81996,3.81996,3.9406,4.0805
538,-74.5,0.5,3.21811,3.42193,3.53129,3.74174,3.97506,3.97506,4.01818,4.0805
539,-74.0,0.5,3.13776,3.35696,3.53129,3.64626,3.78213,3.78213,3.92169,4.0805
540,-73.5,0.5,3.10623,3.30804,3.51389,3.5912,3.68068,3.68068,3.80805,4.1173
541,-73.0,0.5,3.0907,3.29251,3.49633,3.53784,3.66298,3.66298,3.84614,4.13692
542,-72.5,0.5,3.0907,3.27528,3.4791,3.53784,3.64424,3.64424,3.8094,4.13692
543,-72.0,0.5,3.0907,3.27528,3.4791,3.53784,3.64424,3.64424,3.8094,4.13692
544,-71.5,0.5,3.0907,3.27528,3.4791,3.53784,3.64424,3.64424,3.8094,4.13692
545,-71.0,0.5,3.0907,3.27528,3.4791,3.53784,3.64424,3.64424,3.8094,4.13692
546,-81.0,0.0,3.08279,3.30363,3.31619,3.6054,4.0805,4.0805,4.1213,4.16252
547,-80.5,0.0,3.08279,3.30363,3.31619,3.6054,4.0805,4.0805,4.1213,4.16252
548,-80.0,0.0,3.06646,3.3545,3.47447,3.5084,3.80058,3.80058,4.0805,4.1213
549,-79.5,0.0,3.0907,3.27528,3.49667,3.5554,3.62625,3.62625,3.8094,4.13692
550,-79.0,0.0,3.04548,3.25823,3.42743,3.46171,3.61556,3.61556,3.67007,3.86014
551,-78.5,0.0,3.07548,3.27528,3.46171,3.49633,3.54432,3.54432,3.74828,3.95429
552,-78.0,0.0,3.06011,3.24286,3.44466,3.49633,3.54432,3.54432,3.63427,3.84027
553,-77.5,0.0,3.02981,3.22763,3.42743,3.46171,3.50923,3.50923,3.56213,3.82571
554,-77.0,0.0,3.0907,3.25823,3.44466,3.49633,3.7646,3.7646,3.91514,3.95429
555,-76.5,0.0,3.06011,3.22597,3.42777,3.49633,3.54432,3.54432,3.82817,4.13552
556,-76.0,0.0,3.12161,3.29081,3.46171,3.53825,3.85071,3.85071,3.96082,4.13692
557,-75.5,0.0,3.15282,3.34112,3.53129,3.64626,3.78213,3.78213,3.96249,4.24745
558,-75.0,0.0,3.20416,3.43858,3.52662,3.70965,3.98581,3.98581,4.0805,4.1213
559,-74.5,0.0,3.18625,3.40545,3.53129,3.70297,3.89674,3.89674,3.979,4.0805
560,-74.0,0.0,3.10623,3.30804,3.51389,3.5554,3.59856,3.59856,3.82988,4.0805
561,-73.5,0.0,3.0907,3.29251,3.51389,3.57322,3.63455,3.63455,3.84788,4.12172
562,-73.0,0.0,3.0907,3.27528,3.4791,3.53784,3.64424,3.64424,3.8094,4.13692
563,-72.5,0.0,3.0907,3.27528,3.4791,3.53784,3.64424,3.64424,3.8094,4.13692
564,-72.0,0.0,3.0907,3.27528,3.4791,3.53784,3.64424,3.64424,3.8094,4.13692
565,-71.5,0.0,3.0907,3.27528,3.4791,3.53784,3.64424,3.64424,3.8094,4.13692
566,-71.0,0.0,3.0907,3.27528,3.4791,3.53784,3.64424,3.64424,3.8094,4.13692
567,-81.0,-0.5,3.08279,3.30363,3.31619,3.6054,4.0805,4.0805,4.1213,4.16252
568,-80.5,-0.5,3.04548,3.25823,3.42743,3.46812,3.52766,3.52766,3.79442,4.0805
569,-80.0,-0.5,3.0907,3.27528,3.49667,3.5554,3.63455,3.63455,3.84788,4.12172
570,-79.5,-0.5,3.0907,3.27528,3.49667,3.5554,3.64452,3.64452,3.82768,4.13692
571,-79.0,-0.5,3.0907,3.27528,3.46171,3.49633,3.78277,3.78277,3.91514,3.95429
572,-78.5,-0.5,3.0907,3.27528,3.46171,3.49633,3.7646,3.7646,3.91514,3.95429
573,-78.0,-0.5,3.0907,3.27528,3.46171,3.49633,3.7288,3.7288,3.91514,3.95429
574,-77.5,-0.5,3.0907,3.27528,3.46171,3.49633,3.74662,3.74662,3.91514,3.95429
575,-77.0,-0.5,3.0907,3.27528,3.46171,3.49633,3.80112,3.80112,3.91514,3.95429
576,-76.5,-0.5,3.0907,3.27528,3.46171,3.49633,3.81966,3.81966,3.91514,3.95429
577,-76.0,-0.5,3.04548,3.24134,3.42777,3.49633,3.59829,3.59829,3.72549,4.00307
578,-75.5,-0.5,3.10623,3.30804,3.51389,3.5912,3.6709,3.6709,3.86606,4.20664
579,-75.0,-0.5,3.13729,3.34112,3.53129,3.62772,3.74469,3.74469,3.90296,4.12172
580,-74.5,-0.5,3.13729,3.32372,3.51389,3.62772,3.74469,3.74469,3.90296,4.0805
581,-74.0,-0.5,3.04503,3.2599,3.46171,3.48535,3.52766,3.52766,3.79442,4.0805
582,-73.5,-0.5,3.0907,3.27528,3.49667,3.5554,3.63455,3.63455,3.84788,4.12172
583,-73.0,-0.5,3.0907,3.27528,3.49667,3.5554,3.59856,3.59856,3.82988,4.18509
584,-72.5,-0.5,3.0907,3.27528,3.49667,3.5554,3.61657,3.61657,3.84788,4.14263
585,-72.0,-0.5,3.0907,3.27528,3.4791,3.53784,3.64424,3.64424,3.8094,4.13692
586,-71.5,-0.5,3.0907,3.27528,3.4791,3.53784,3.64424,3.64424,3.8094,4.13692
587,-71.0,-0.5,3.0907,3.27528,3.4791,3.53784,3.64424,3.64424,3.8094,4.13692
588,-81.0,-1.0,3.08279,3.30363,3.31619,3.6054,4.0805,4.0805,4.1213,4.16252
589,-80.5,-1.0,3.06646,3.3545,3.47447,3.5084,3.80058,3.80058,4.0805,4.1213
590,-80.0,-1.0,3.0907,3.27528,3.49667,3.5554,3.63455,3.63455,3.84788,4.12172
591,-79.5,-1.0,3.0907,3.27528,3.46171,3.49633,3.78277,3.78277,3.91514,3.95429
592,-79.0,-1.0,3.0907,3.27528,3.46171,3.49633,3.78277,3.78277,3.91514,3.95429
593,-78.5,-1.0,3.0907,3.27528,3.46171,3.49633,3.80112,3.80112,3.91514,3.95429
594,-78.0,-1.0,3.04503,3.24286,3.42743,3.46171,3.58012,3.58012,3.78408,3.97416
595,-77.5,-1.0,3.0907,3.27528,3.46171,3.49633,3.80112,3.80112,3.91514,3.95429
596,-77.0,-1.0,3.0907,3.27528,3.46171,3.49633,3.80112,3.80112,3.91514,3.95429
597,-76.5,-1.0,3.07548,3.29251,3.49633,3.5202,3.68163,3.68163,3.86477,4.13692
598,-76.0,-1.0,3.07548,3.29251,3.49633,3.5202,3.66298,3.66298,3.84614,4.13692
599,-75.5,-1.0,3.0907,3.27528,3.49667,3.57322,3.63455,3.63455,3.84788,4.12172
600,-75.0,-1.0,3.0907,3.29251,3.51389,3.57322,3.63455,3.63455,3.84788,4.14263
601,-74.5,-1.0,3.0907,3.29251,3.51389,3.57322,3.63455,3.63455,3.84788,4.14263
602,-74.0,-1.0,3.0907,3.27528,3.49667,3.5554,3.63455,3.63455,3.84788,4.12172
603,-73.5,-1.0,3.06465,3.30441,3.42777,3.50281,3.56293,3.56293,3.81206,4.0805
604,-73.0,-1.0,3.0907,3.27528,3.49667,3.5554,3.61657,3.61657,3.84788,4.14263
605,-72.5,-1.0,3.0907,3.27528,3.49667,3.5554,3.61657,3.61657,3.84788,4.14263
606,-72.0,-1.0,3.0907,3.27528,3.49667,3.5554,3.63455,3.63455,3.84788,4.12172
607,-71.5,-1.0,3.0907,3.27528,3.4791,3.53784,3.64424,3.64424,3.8094,4.13692
608,-71.0,-1.0,3.0907,3.27528,3.4791,3.53784,3.64424,3.64424,3.8094,4.13692
